{
    "rmse": 0.7146282292249405,
    "mae": 0.5589795043635492,
    "r2": 0.25112077644941544
}